[{"dateTime": "2019-11-01 00:00:00", "value": "636"}, {"dateTime": "2019-11-02 00:00:00", "value": "709"}, {"dateTime": "2019-11-03 00:00:00", "value": "648"}, {"dateTime": "2019-11-04 00:00:00", "value": "760"}, {"dateTime": "2019-11-05 00:00:00", "value": "737"}, {"dateTime": "2019-11-06 00:00:00", "value": "849"}, {"dateTime": "2019-11-07 00:00:00", "value": "866"}, {"dateTime": "2019-11-08 00:00:00", "value": "744"}, {"dateTime": "2019-11-09 00:00:00", "value": "653"}, {"dateTime": "2019-11-10 00:00:00", "value": "629"}, {"dateTime": "2019-11-11 00:00:00", "value": "811"}, {"dateTime": "2019-11-12 00:00:00", "value": "744"}, {"dateTime": "2019-11-13 00:00:00", "value": "825"}, {"dateTime": "2019-11-14 00:00:00", "value": "691"}, {"dateTime": "2019-11-15 00:00:00", "value": "660"}, {"dateTime": "2019-11-16 00:00:00", "value": "668"}, {"dateTime": "2019-11-17 00:00:00", "value": "752"}, {"dateTime": "2019-11-18 00:00:00", "value": "878"}, {"dateTime": "2019-11-19 00:00:00", "value": "903"}, {"dateTime": "2019-11-20 00:00:00", "value": "743"}, {"dateTime": "2019-11-21 00:00:00", "value": "680"}, {"dateTime": "2019-11-22 00:00:00", "value": "797"}, {"dateTime": "2019-11-23 00:00:00", "value": "639"}, {"dateTime": "2019-11-24 00:00:00", "value": "565"}, {"dateTime": "2019-11-25 00:00:00", "value": "767"}, {"dateTime": "2019-11-26 00:00:00", "value": "750"}, {"dateTime": "2019-11-27 00:00:00", "value": "769"}, {"dateTime": "2019-11-28 00:00:00", "value": "670"}, {"dateTime": "2019-11-29 00:00:00", "value": "709"}, {"dateTime": "2019-11-30 00:00:00", "value": "671"}, {"dateTime": "2019-12-01 00:00:00", "value": "630"}, {"dateTime": "2019-12-02 00:00:00", "value": "947"}, {"dateTime": "2019-12-03 00:00:00", "value": "725"}, {"dateTime": "2019-12-04 00:00:00", "value": "782"}, {"dateTime": "2019-12-05 00:00:00", "value": "682"}, {"dateTime": "2019-12-06 00:00:00", "value": "823"}, {"dateTime": "2019-12-07 00:00:00", "value": "533"}, {"dateTime": "2019-12-08 00:00:00", "value": "598"}, {"dateTime": "2019-12-09 00:00:00", "value": "725"}, {"dateTime": "2019-12-10 00:00:00", "value": "891"}, {"dateTime": "2019-12-11 00:00:00", "value": "720"}, {"dateTime": "2019-12-12 00:00:00", "value": "885"}, {"dateTime": "2019-12-13 00:00:00", "value": "691"}, {"dateTime": "2019-12-14 00:00:00", "value": "622"}, {"dateTime": "2019-12-15 00:00:00", "value": "513"}, {"dateTime": "2019-12-16 00:00:00", "value": "755"}, {"dateTime": "2019-12-17 00:00:00", "value": "786"}, {"dateTime": "2019-12-18 00:00:00", "value": "729"}, {"dateTime": "2019-12-19 00:00:00", "value": "684"}, {"dateTime": "2019-12-20 00:00:00", "value": "805"}, {"dateTime": "2019-12-21 00:00:00", "value": "656"}, {"dateTime": "2019-12-22 00:00:00", "value": "521"}, {"dateTime": "2019-12-23 00:00:00", "value": "536"}, {"dateTime": "2019-12-24 00:00:00", "value": "536"}, {"dateTime": "2019-12-25 00:00:00", "value": "625"}, {"dateTime": "2019-12-26 00:00:00", "value": "557"}, {"dateTime": "2019-12-27 00:00:00", "value": "630"}, {"dateTime": "2019-12-28 00:00:00", "value": "542"}, {"dateTime": "2019-12-29 00:00:00", "value": "582"}, {"dateTime": "2019-12-30 00:00:00", "value": "752"}, {"dateTime": "2019-12-31 00:00:00", "value": "659"}, {"dateTime": "2020-01-01 00:00:00", "value": "687"}, {"dateTime": "2020-01-02 00:00:00", "value": "636"}, {"dateTime": "2020-01-03 00:00:00", "value": "713"}, {"dateTime": "2020-01-04 00:00:00", "value": "598"}, {"dateTime": "2020-01-05 00:00:00", "value": "631"}, {"dateTime": "2020-01-06 00:00:00", "value": "827"}, {"dateTime": "2020-01-07 00:00:00", "value": "741"}, {"dateTime": "2020-01-08 00:00:00", "value": "853"}, {"dateTime": "2020-01-09 00:00:00", "value": "748"}, {"dateTime": "2020-01-10 00:00:00", "value": "782"}, {"dateTime": "2020-01-11 00:00:00", "value": "586"}, {"dateTime": "2020-01-12 00:00:00", "value": "742"}, {"dateTime": "2020-01-13 00:00:00", "value": "835"}, {"dateTime": "2020-01-14 00:00:00", "value": "713"}, {"dateTime": "2020-01-15 00:00:00", "value": "717"}, {"dateTime": "2020-01-16 00:00:00", "value": "750"}, {"dateTime": "2020-01-17 00:00:00", "value": "739"}, {"dateTime": "2020-01-18 00:00:00", "value": "783"}, {"dateTime": "2020-01-19 00:00:00", "value": "767"}, {"dateTime": "2020-01-20 00:00:00", "value": "795"}, {"dateTime": "2020-01-21 00:00:00", "value": "757"}, {"dateTime": "2020-01-22 00:00:00", "value": "819"}, {"dateTime": "2020-01-23 00:00:00", "value": "699"}, {"dateTime": "2020-01-24 00:00:00", "value": "696"}, {"dateTime": "2020-01-25 00:00:00", "value": "632"}, {"dateTime": "2020-01-26 00:00:00", "value": "610"}, {"dateTime": "2020-01-27 00:00:00", "value": "805"}, {"dateTime": "2020-01-28 00:00:00", "value": "742"}, {"dateTime": "2020-01-29 00:00:00", "value": "916"}, {"dateTime": "2020-01-30 00:00:00", "value": "552"}, {"dateTime": "2020-01-31 00:00:00", "value": "647"}, {"dateTime": "2020-02-01 00:00:00", "value": "598"}, {"dateTime": "2020-02-02 00:00:00", "value": "501"}, {"dateTime": "2020-02-03 00:00:00", "value": "534"}, {"dateTime": "2020-02-04 00:00:00", "value": "830"}, {"dateTime": "2020-02-05 00:00:00", "value": "729"}, {"dateTime": "2020-02-06 00:00:00", "value": "622"}, {"dateTime": "2020-02-07 00:00:00", "value": "833"}, {"dateTime": "2020-02-08 00:00:00", "value": "636"}, {"dateTime": "2020-02-09 00:00:00", "value": "751"}, {"dateTime": "2020-02-10 00:00:00", "value": "723"}, {"dateTime": "2020-02-11 00:00:00", "value": "630"}, {"dateTime": "2020-02-12 00:00:00", "value": "668"}, {"dateTime": "2020-02-13 00:00:00", "value": "670"}, {"dateTime": "2020-02-14 00:00:00", "value": "928"}, {"dateTime": "2020-02-15 00:00:00", "value": "743"}, {"dateTime": "2020-02-16 00:00:00", "value": "692"}, {"dateTime": "2020-02-17 00:00:00", "value": "729"}, {"dateTime": "2020-02-18 00:00:00", "value": "749"}, {"dateTime": "2020-02-19 00:00:00", "value": "575"}, {"dateTime": "2020-02-20 00:00:00", "value": "846"}, {"dateTime": "2020-02-21 00:00:00", "value": "678"}, {"dateTime": "2020-02-22 00:00:00", "value": "539"}, {"dateTime": "2020-02-23 00:00:00", "value": "576"}, {"dateTime": "2020-02-24 00:00:00", "value": "884"}, {"dateTime": "2020-02-25 00:00:00", "value": "831"}, {"dateTime": "2020-02-26 00:00:00", "value": "801"}, {"dateTime": "2020-02-27 00:00:00", "value": "685"}, {"dateTime": "2020-02-28 00:00:00", "value": "710"}, {"dateTime": "2020-02-29 00:00:00", "value": "420"}, {"dateTime": "2020-03-01 00:00:00", "value": "506"}, {"dateTime": "2020-03-02 00:00:00", "value": "748"}, {"dateTime": "2020-03-03 00:00:00", "value": "781"}, {"dateTime": "2020-03-04 00:00:00", "value": "453"}, {"dateTime": "2020-03-05 00:00:00", "value": "451"}, {"dateTime": "2020-03-06 00:00:00", "value": "691"}, {"dateTime": "2020-03-07 00:00:00", "value": "722"}, {"dateTime": "2020-03-08 00:00:00", "value": "647"}, {"dateTime": "2020-03-09 00:00:00", "value": "816"}, {"dateTime": "2020-03-10 00:00:00", "value": "797"}, {"dateTime": "2020-03-11 00:00:00", "value": "1225"}, {"dateTime": "2020-03-12 00:00:00", "value": "823"}, {"dateTime": "2020-03-13 00:00:00", "value": "768"}, {"dateTime": "2020-03-14 00:00:00", "value": "736"}, {"dateTime": "2020-03-15 00:00:00", "value": "826"}, {"dateTime": "2020-03-16 00:00:00", "value": "845"}, {"dateTime": "2020-03-17 00:00:00", "value": "711"}, {"dateTime": "2020-03-18 00:00:00", "value": "811"}, {"dateTime": "2020-03-19 00:00:00", "value": "807"}, {"dateTime": "2020-03-20 00:00:00", "value": "859"}, {"dateTime": "2020-03-21 00:00:00", "value": "657"}, {"dateTime": "2020-03-22 00:00:00", "value": "793"}, {"dateTime": "2020-03-23 00:00:00", "value": "824"}, {"dateTime": "2020-03-24 00:00:00", "value": "781"}, {"dateTime": "2020-03-25 00:00:00", "value": "797"}, {"dateTime": "2020-03-26 00:00:00", "value": "771"}, {"dateTime": "2020-03-27 00:00:00", "value": "821"}, {"dateTime": "2020-03-28 00:00:00", "value": "679"}, {"dateTime": "2020-03-29 00:00:00", "value": "840"}, {"dateTime": "2020-03-30 00:00:00", "value": "842"}, {"dateTime": "2020-03-31 00:00:00", "value": "837"}]