[{"dateTime": "2019-11-01 00:00:00", "value": "72"}, {"dateTime": "2019-11-02 00:00:00", "value": "56"}, {"dateTime": "2019-11-03 00:00:00", "value": "45"}, {"dateTime": "2019-11-04 00:00:00", "value": "28"}, {"dateTime": "2019-11-05 00:00:00", "value": "56"}, {"dateTime": "2019-11-06 00:00:00", "value": "11"}, {"dateTime": "2019-11-07 00:00:00", "value": "15"}, {"dateTime": "2019-11-08 00:00:00", "value": "54"}, {"dateTime": "2019-11-09 00:00:00", "value": "60"}, {"dateTime": "2019-11-10 00:00:00", "value": "92"}, {"dateTime": "2019-11-11 00:00:00", "value": "40"}, {"dateTime": "2019-11-12 00:00:00", "value": "36"}, {"dateTime": "2019-11-13 00:00:00", "value": "33"}, {"dateTime": "2019-11-14 00:00:00", "value": "121"}, {"dateTime": "2019-11-15 00:00:00", "value": "85"}, {"dateTime": "2019-11-16 00:00:00", "value": "64"}, {"dateTime": "2019-11-17 00:00:00", "value": "35"}, {"dateTime": "2019-11-18 00:00:00", "value": "55"}, {"dateTime": "2019-11-19 00:00:00", "value": "25"}, {"dateTime": "2019-11-20 00:00:00", "value": "38"}, {"dateTime": "2019-11-21 00:00:00", "value": "137"}, {"dateTime": "2019-11-22 00:00:00", "value": "41"}, {"dateTime": "2019-11-23 00:00:00", "value": "121"}, {"dateTime": "2019-11-24 00:00:00", "value": "97"}, {"dateTime": "2019-11-25 00:00:00", "value": "36"}, {"dateTime": "2019-11-26 00:00:00", "value": "73"}, {"dateTime": "2019-11-27 00:00:00", "value": "25"}, {"dateTime": "2019-11-28 00:00:00", "value": "104"}, {"dateTime": "2019-11-29 00:00:00", "value": "60"}, {"dateTime": "2019-11-30 00:00:00", "value": "37"}, {"dateTime": "2019-12-01 00:00:00", "value": "54"}, {"dateTime": "2019-12-02 00:00:00", "value": "37"}, {"dateTime": "2019-12-03 00:00:00", "value": "91"}, {"dateTime": "2019-12-04 00:00:00", "value": "33"}, {"dateTime": "2019-12-05 00:00:00", "value": "99"}, {"dateTime": "2019-12-06 00:00:00", "value": "35"}, {"dateTime": "2019-12-07 00:00:00", "value": "48"}, {"dateTime": "2019-12-08 00:00:00", "value": "71"}, {"dateTime": "2019-12-09 00:00:00", "value": "16"}, {"dateTime": "2019-12-10 00:00:00", "value": "22"}, {"dateTime": "2019-12-11 00:00:00", "value": "40"}, {"dateTime": "2019-12-12 00:00:00", "value": "17"}, {"dateTime": "2019-12-13 00:00:00", "value": "56"}, {"dateTime": "2019-12-14 00:00:00", "value": "52"}, {"dateTime": "2019-12-15 00:00:00", "value": "108"}, {"dateTime": "2019-12-16 00:00:00", "value": "30"}, {"dateTime": "2019-12-17 00:00:00", "value": "46"}, {"dateTime": "2019-12-18 00:00:00", "value": "47"}, {"dateTime": "2019-12-19 00:00:00", "value": "74"}, {"dateTime": "2019-12-20 00:00:00", "value": "54"}, {"dateTime": "2019-12-21 00:00:00", "value": "106"}, {"dateTime": "2019-12-22 00:00:00", "value": "70"}, {"dateTime": "2019-12-23 00:00:00", "value": "81"}, {"dateTime": "2019-12-24 00:00:00", "value": "31"}, {"dateTime": "2019-12-25 00:00:00", "value": "26"}, {"dateTime": "2019-12-26 00:00:00", "value": "87"}, {"dateTime": "2019-12-27 00:00:00", "value": "24"}, {"dateTime": "2019-12-28 00:00:00", "value": "27"}, {"dateTime": "2019-12-29 00:00:00", "value": "67"}, {"dateTime": "2019-12-30 00:00:00", "value": "13"}, {"dateTime": "2019-12-31 00:00:00", "value": "19"}, {"dateTime": "2020-01-01 00:00:00", "value": "20"}, {"dateTime": "2020-01-02 00:00:00", "value": "37"}, {"dateTime": "2020-01-03 00:00:00", "value": "102"}, {"dateTime": "2020-01-04 00:00:00", "value": "93"}, {"dateTime": "2020-01-05 00:00:00", "value": "44"}, {"dateTime": "2020-01-06 00:00:00", "value": "43"}, {"dateTime": "2020-01-07 00:00:00", "value": "103"}, {"dateTime": "2020-01-08 00:00:00", "value": "38"}, {"dateTime": "2020-01-09 00:00:00", "value": "92"}, {"dateTime": "2020-01-10 00:00:00", "value": "70"}, {"dateTime": "2020-01-11 00:00:00", "value": "50"}, {"dateTime": "2020-01-12 00:00:00", "value": "34"}, {"dateTime": "2020-01-13 00:00:00", "value": "15"}, {"dateTime": "2020-01-14 00:00:00", "value": "85"}, {"dateTime": "2020-01-15 00:00:00", "value": "61"}, {"dateTime": "2020-01-16 00:00:00", "value": "112"}, {"dateTime": "2020-01-17 00:00:00", "value": "39"}, {"dateTime": "2020-01-18 00:00:00", "value": "66"}, {"dateTime": "2020-01-19 00:00:00", "value": "63"}, {"dateTime": "2020-01-20 00:00:00", "value": "18"}, {"dateTime": "2020-01-21 00:00:00", "value": "41"}, {"dateTime": "2020-01-22 00:00:00", "value": "23"}, {"dateTime": "2020-01-23 00:00:00", "value": "95"}, {"dateTime": "2020-01-24 00:00:00", "value": "20"}, {"dateTime": "2020-01-25 00:00:00", "value": "71"}, {"dateTime": "2020-01-26 00:00:00", "value": "79"}, {"dateTime": "2020-01-27 00:00:00", "value": "27"}, {"dateTime": "2020-01-28 00:00:00", "value": "72"}, {"dateTime": "2020-01-29 00:00:00", "value": "11"}, {"dateTime": "2020-01-30 00:00:00", "value": "85"}, {"dateTime": "2020-01-31 00:00:00", "value": "42"}, {"dateTime": "2020-02-01 00:00:00", "value": "28"}, {"dateTime": "2020-02-02 00:00:00", "value": "16"}, {"dateTime": "2020-02-03 00:00:00", "value": "26"}, {"dateTime": "2020-02-04 00:00:00", "value": "14"}, {"dateTime": "2020-02-05 00:00:00", "value": "101"}, {"dateTime": "2020-02-06 00:00:00", "value": "178"}, {"dateTime": "2020-02-07 00:00:00", "value": "11"}, {"dateTime": "2020-02-08 00:00:00", "value": "31"}, {"dateTime": "2020-02-09 00:00:00", "value": "15"}, {"dateTime": "2020-02-10 00:00:00", "value": "70"}, {"dateTime": "2020-02-11 00:00:00", "value": "30"}, {"dateTime": "2020-02-12 00:00:00", "value": "46"}, {"dateTime": "2020-02-13 00:00:00", "value": "39"}, {"dateTime": "2020-02-14 00:00:00", "value": "21"}, {"dateTime": "2020-02-15 00:00:00", "value": "18"}, {"dateTime": "2020-02-16 00:00:00", "value": "15"}, {"dateTime": "2020-02-17 00:00:00", "value": "12"}, {"dateTime": "2020-02-18 00:00:00", "value": "45"}, {"dateTime": "2020-02-19 00:00:00", "value": "51"}, {"dateTime": "2020-02-20 00:00:00", "value": "23"}, {"dateTime": "2020-02-21 00:00:00", "value": "64"}, {"dateTime": "2020-02-22 00:00:00", "value": "16"}, {"dateTime": "2020-02-23 00:00:00", "value": "3"}, {"dateTime": "2020-02-24 00:00:00", "value": "7"}, {"dateTime": "2020-02-25 00:00:00", "value": "8"}, {"dateTime": "2020-02-26 00:00:00", "value": "37"}, {"dateTime": "2020-02-27 00:00:00", "value": "115"}, {"dateTime": "2020-02-28 00:00:00", "value": "16"}, {"dateTime": "2020-02-29 00:00:00", "value": "63"}, {"dateTime": "2020-03-01 00:00:00", "value": "70"}, {"dateTime": "2020-03-02 00:00:00", "value": "19"}, {"dateTime": "2020-03-03 00:00:00", "value": "39"}, {"dateTime": "2020-03-04 00:00:00", "value": "16"}, {"dateTime": "2020-03-05 00:00:00", "value": "127"}, {"dateTime": "2020-03-06 00:00:00", "value": "25"}, {"dateTime": "2020-03-07 00:00:00", "value": "70"}, {"dateTime": "2020-03-08 00:00:00", "value": "41"}, {"dateTime": "2020-03-09 00:00:00", "value": "0"}, {"dateTime": "2020-03-10 00:00:00", "value": "60"}, {"dateTime": "2020-03-11 00:00:00", "value": "7"}, {"dateTime": "2020-03-12 00:00:00", "value": "24"}, {"dateTime": "2020-03-13 00:00:00", "value": "15"}, {"dateTime": "2020-03-14 00:00:00", "value": "38"}, {"dateTime": "2020-03-15 00:00:00", "value": "48"}, {"dateTime": "2020-03-16 00:00:00", "value": "25"}, {"dateTime": "2020-03-17 00:00:00", "value": "38"}, {"dateTime": "2020-03-18 00:00:00", "value": "33"}, {"dateTime": "2020-03-19 00:00:00", "value": "22"}, {"dateTime": "2020-03-20 00:00:00", "value": "30"}, {"dateTime": "2020-03-21 00:00:00", "value": "70"}, {"dateTime": "2020-03-22 00:00:00", "value": "11"}, {"dateTime": "2020-03-23 00:00:00", "value": "31"}, {"dateTime": "2020-03-24 00:00:00", "value": "13"}, {"dateTime": "2020-03-25 00:00:00", "value": "43"}, {"dateTime": "2020-03-26 00:00:00", "value": "42"}, {"dateTime": "2020-03-27 00:00:00", "value": "65"}, {"dateTime": "2020-03-28 00:00:00", "value": "83"}, {"dateTime": "2020-03-29 00:00:00", "value": "22"}, {"dateTime": "2020-03-30 00:00:00", "value": "8"}, {"dateTime": "2020-03-31 00:00:00", "value": "44"}]