[{"antecedenti": {"un giorno prima, pesante": "3", "un giorno prima, moderata": "1"}, "sonno": "11", "supporto": "0.011904761904761904", "confidenza": "0.588235294117647"}, {"antecedenti": {"due giorni prima, pesante": "3", "un giorno prima, moderata": "1"}, "sonno": "11", "supporto": "0.018452380952380953", "confidenza": "0.607843137254902"}, {"antecedenti": {"un giorno prima, riposo": "2", "due giorni prima, leggera": "2", "due giorni prima, riposo": "2"}, "sonno": "11", "supporto": "0.01369047619047619", "confidenza": "0.6052631578947368"}, {"antecedenti": {"un giorno prima, riposo": "2", "due giorni prima, leggera": "2", "un giorno prima, leggera": "2"}, "sonno": "11", "supporto": "0.013095238095238096", "confidenza": "0.6285714285714287"}, {"antecedenti": {"un giorno prima, moderata": "1", "tre giorni prima, pesante": "2", "un giorno prima, riposo": "4"}, "sonno": "11", "supporto": "0.010714285714285714", "confidenza": "0.6666666666666667"}, {"antecedenti": {"tre giorni prima, riposo": "4", "tre giorni prima, moderata": "2", "due giorni prima, riposo": "4"}, "sonno": "11", "supporto": "0.01011904761904762", "confidenza": "0.5666666666666668"}, {"antecedenti": {"due giorni prima, moderata": "3", "tre giorni prima, pesante": "3", "tre giorni prima, moderata": "2"}, "sonno": "12", "supporto": "0.01011904761904762", "confidenza": "0.5862068965517241"}, {"antecedenti": {"un giorno prima, riposo": "2", "due giorni prima, pesante": "3", "tre giorni prima, riposo": "1", "un giorno prima, moderata": "3"}, "sonno": "11", "supporto": "0.01011904761904762", "confidenza": "0.7083333333333334"}, {"antecedenti": {"un giorno prima, riposo": "2", "due giorni prima, pesante": "3", "tre giorni prima, riposo": "1", "due giorni prima, moderata": "3"}, "sonno": "11", "supporto": "0.01130952380952381", "confidenza": "0.6785714285714286"}, {"antecedenti": {"un giorno prima, riposo": "2", "un giorno prima, pesante": "3", "tre giorni prima, leggera": "2", "un giorno prima, leggera": "3"}, "sonno": "11", "supporto": "0.01011904761904762", "confidenza": "0.68"}]